,task_name,train_set_id,n_shot_per_class,accuracy,macro_f1,ood_rate,n,pred_dist,label_dist
0,ag_news,0,8,0.25,0.1756393490264458,0.0,100,"{""Business"": 4, ""Sports"": 4, ""Technology"": 92}","{""Business"": 32, ""Sports"": 27, ""Technology"": 19, ""World"": 22}"
1,ag_news,1,8,0.48,0.3964102564102564,0.0,100,"{""Business"": 68, ""Sports"": 12, ""Technology"": 20}","{""Business"": 32, ""Sports"": 27, ""Technology"": 19, ""World"": 22}"
2,ag_news,2,8,0.59,0.4944099378881987,0.0,100,"{""Business"": 45, ""Sports"": 28, ""Technology"": 27}","{""Business"": 32, ""Sports"": 27, ""Technology"": 19, ""World"": 22}"
3,ag_news,3,8,0.55,0.3995784090123713,0.0,100,"{""Business"": 72, ""Sports"": 26, ""Technology"": 2}","{""Business"": 32, ""Sports"": 27, ""Technology"": 19, ""World"": 22}"
4,ag_news,4,8,0.48,0.3855519480519481,0.0,100,"{""Business"": 78, ""Sports"": 13, ""Technology"": 9}","{""Business"": 32, ""Sports"": 27, ""Technology"": 19, ""World"": 22}"
5,amazon_counterfactual_en,0,8,0.86,0.46236559139784944,0.0,100,"{""counterfactual"": 4, ""not counterfactual"": 96}","{""counterfactual"": 10, ""not counterfactual"": 90}"
6,amazon_counterfactual_en,1,8,0.89,0.4708994708994709,0.0,100,"{""counterfactual"": 1, ""not counterfactual"": 99}","{""counterfactual"": 10, ""not counterfactual"": 90}"
7,amazon_counterfactual_en,2,8,0.9,0.47368421052631576,0.0,100,"{""not counterfactual"": 100}","{""counterfactual"": 10, ""not counterfactual"": 90}"
8,amazon_counterfactual_en,3,8,0.9,0.47368421052631576,0.0,100,"{""not counterfactual"": 100}","{""counterfactual"": 10, ""not counterfactual"": 90}"
9,amazon_counterfactual_en,4,8,0.9,0.47368421052631576,0.0,100,"{""not counterfactual"": 100}","{""counterfactual"": 10, ""not counterfactual"": 90}"
10,amazon_massive_scenario,0,8,0.11,0.07362354813335206,0.0,100,"{""audio"": 1, ""iot"": 2, ""music"": 17, ""news"": 71, ""play"": 1, ""qa"": 2, ""weather"": 6}","{""alarm"": 5, ""audio"": 3, ""calendar"": 5, ""cooking"": 4, ""datetime"": 6, ""email"": 14, ""general"": 7, ""iot"": 6, ""lists"": 5, ""music"": 1, ""news"": 3, ""play"": 16, ""qa"": 8, ""recommendation"": 3, ""social"": 1, ""takeaway"": 1, ""transport"": 5, ""weather"": 7}"
11,amazon_massive_scenario,1,8,0.1,0.05438243673537791,0.0,100,"{""music"": 16, ""news"": 75, ""play"": 1, ""weather"": 8}","{""alarm"": 5, ""audio"": 3, ""calendar"": 5, ""cooking"": 4, ""datetime"": 6, ""email"": 14, ""general"": 7, ""iot"": 6, ""lists"": 5, ""music"": 1, ""news"": 3, ""play"": 16, ""qa"": 8, ""recommendation"": 3, ""social"": 1, ""takeaway"": 1, ""transport"": 5, ""weather"": 7}"
12,amazon_massive_scenario,2,8,0.12,0.09037472260810377,0.0,100,"{""audio"": 1, ""calendar"": 2, ""music"": 40, ""news"": 48, ""qa"": 1, ""weather"": 8}","{""alarm"": 5, ""audio"": 3, ""calendar"": 5, ""cooking"": 4, ""datetime"": 6, ""email"": 14, ""general"": 7, ""iot"": 6, ""lists"": 5, ""music"": 1, ""news"": 3, ""play"": 16, ""qa"": 8, ""recommendation"": 3, ""social"": 1, ""takeaway"": 1, ""transport"": 5, ""weather"": 7}"
13,amazon_massive_scenario,3,8,0.13,0.0945202765791001,0.0,100,"{""alarm"": 2, ""calendar"": 3, ""music"": 36, ""news"": 47, ""play"": 1, ""recommendation"": 1, ""weather"": 10}","{""alarm"": 5, ""audio"": 3, ""calendar"": 5, ""cooking"": 4, ""datetime"": 6, ""email"": 14, ""general"": 7, ""iot"": 6, ""lists"": 5, ""music"": 1, ""news"": 3, ""play"": 16, ""qa"": 8, ""recommendation"": 3, ""social"": 1, ""takeaway"": 1, ""transport"": 5, ""weather"": 7}"
14,amazon_massive_scenario,4,8,0.32,0.22871844644290462,0.0,100,"{""alarm"": 2, ""audio"": 4, ""calendar"": 12, ""cooking"": 1, ""email"": 10, ""music"": 41, ""news"": 16, ""play"": 3, ""qa"": 2, ""weather"": 9}","{""alarm"": 5, ""audio"": 3, ""calendar"": 5, ""cooking"": 4, ""datetime"": 6, ""email"": 14, ""general"": 7, ""iot"": 6, ""lists"": 5, ""music"": 1, ""news"": 3, ""play"": 16, ""qa"": 8, ""recommendation"": 3, ""social"": 1, ""takeaway"": 1, ""transport"": 5, ""weather"": 7}"
15,app_reviews,0,8,0.21,0.15,0.0,100,"{""five"": 21, ""four"": 28, ""one"": 1, ""three"": 1, ""two"": 49}","{""five"": 59, ""four"": 12, ""one"": 15, ""three"": 12, ""two"": 2}"
16,app_reviews,1,8,0.48,0.14222222222222222,0.0,100,"{""five"": 76, ""two"": 24}","{""five"": 59, ""four"": 12, ""one"": 15, ""three"": 12, ""two"": 2}"
17,app_reviews,2,8,0.59,0.14842767295597484,0.0,100,"{""five"": 100}","{""five"": 59, ""four"": 12, ""one"": 15, ""three"": 12, ""two"": 2}"
18,app_reviews,3,8,0.15,0.11125,0.0,100,"{""five"": 5, ""one"": 35, ""two"": 60}","{""five"": 59, ""four"": 12, ""one"": 15, ""three"": 12, ""two"": 2}"
19,app_reviews,4,8,0.06,0.04533670664667666,0.0,100,"{""five"": 5, ""four"": 2, ""one"": 8, ""two"": 85}","{""five"": 59, ""four"": 12, ""one"": 15, ""three"": 12, ""two"": 2}"
20,beaver_tails,0,8,0.64,0.3902439024390244,0.0,100,"{""no"": 100}","{""no"": 64, ""yes"": 36}"
21,beaver_tails,1,8,0.64,0.3902439024390244,0.0,100,"{""no"": 100}","{""no"": 64, ""yes"": 36}"
22,beaver_tails,2,8,0.64,0.3902439024390244,0.0,100,"{""no"": 100}","{""no"": 64, ""yes"": 36}"
23,beaver_tails,3,8,0.64,0.3902439024390244,0.0,100,"{""no"": 100}","{""no"": 64, ""yes"": 36}"
24,beaver_tails,4,8,0.64,0.3902439024390244,0.0,100,"{""no"": 100}","{""no"": 64, ""yes"": 36}"
25,boolq,0,8,0.59,0.4604553230688248,0.0,100,"{""no"": 9, ""yes"": 91}","{""no"": 42, ""yes"": 58}"
26,boolq,1,8,0.57,0.4341360705355968,0.0,100,"{""no"": 9, ""yes"": 91}","{""no"": 42, ""yes"": 58}"
27,boolq,2,8,0.59,0.4604553230688248,0.0,100,"{""no"": 9, ""yes"": 91}","{""no"": 42, ""yes"": 58}"
28,boolq,3,8,0.56,0.3969298245614035,0.0,100,"{""no"": 6, ""yes"": 94}","{""no"": 42, ""yes"": 58}"
29,boolq,4,8,0.57,0.3630573248407643,0.0,100,"{""no"": 1, ""yes"": 99}","{""no"": 42, ""yes"": 58}"
30,brag_action,0,8,0.97,0.49238578680203043,0.0,100,"{""not bragging"": 100}","{""bragging"": 3, ""not bragging"": 97}"
31,brag_action,1,8,0.97,0.49238578680203043,0.0,100,"{""not bragging"": 100}","{""bragging"": 3, ""not bragging"": 97}"
32,brag_action,2,8,0.97,0.49238578680203043,0.0,100,"{""not bragging"": 100}","{""bragging"": 3, ""not bragging"": 97}"
33,brag_action,3,8,0.93,0.48186528497409326,0.0,100,"{""bragging"": 4, ""not bragging"": 96}","{""bragging"": 3, ""not bragging"": 97}"
34,brag_action,4,8,0.97,0.49238578680203043,0.0,100,"{""not bragging"": 100}","{""bragging"": 3, ""not bragging"": 97}"
35,circa,0,8,0.65,0.5507637017070979,0.0,100,"{""no"": 22, ""yes"": 78}","{""no"": 31, ""yes"": 69}"
36,circa,1,8,0.65,0.5269631031220435,0.0,100,"{""no"": 18, ""yes"": 82}","{""no"": 31, ""yes"": 69}"
37,circa,2,8,0.67,0.553993782943641,0.0,100,"{""no"": 18, ""yes"": 82}","{""no"": 31, ""yes"": 69}"
38,circa,3,8,0.68,0.517781796262809,0.0,100,"{""no"": 11, ""yes"": 89}","{""no"": 31, ""yes"": 69}"
39,circa,4,8,0.34,0.3125,0.0,100,"{""no"": 89, ""yes"": 11}","{""no"": 31, ""yes"": 69}"
40,clickbait,0,8,0.62,0.62,0.0,100,"{""no"": 59, ""yes"": 41}","{""no"": 41, ""yes"": 59}"
41,clickbait,1,8,0.73,0.6970037032880709,0.0,100,"{""no"": 26, ""yes"": 74}","{""no"": 41, ""yes"": 59}"
42,clickbait,2,8,0.74,0.7103386809269162,0.0,100,"{""no"": 27, ""yes"": 73}","{""no"": 41, ""yes"": 59}"
43,clickbait,3,8,0.65,0.6482765551200884,0.0,100,"{""no"": 66, ""yes"": 34}","{""no"": 41, ""yes"": 59}"
44,clickbait,4,8,0.65,0.5269631031220435,0.0,100,"{""no"": 8, ""yes"": 92}","{""no"": 41, ""yes"": 59}"
45,climate_commitments_actions,0,8,0.64,0.3902439024390244,0.0,100,"{""no"": 100}","{""no"": 64, ""yes"": 36}"
46,climate_commitments_actions,1,8,0.64,0.3902439024390244,0.0,100,"{""no"": 100}","{""no"": 64, ""yes"": 36}"
47,climate_commitments_actions,2,8,0.64,0.3902439024390244,0.0,100,"{""no"": 100}","{""no"": 64, ""yes"": 36}"
48,climate_commitments_actions,3,8,0.64,0.3902439024390244,0.0,100,"{""no"": 100}","{""no"": 64, ""yes"": 36}"
49,climate_commitments_actions,4,8,0.64,0.3902439024390244,0.0,100,"{""no"": 100}","{""no"": 64, ""yes"": 36}"
50,climate_fever,0,8,0.2,0.14146825396825397,0.0,100,"{""disputed"": 77, ""not enough info"": 23}","{""disputed"": 13, ""not enough info"": 33, ""refuted"": 16, ""supported"": 38}"
51,climate_fever,1,8,0.13,0.06855938507314654,0.0,100,"{""disputed"": 96, ""not enough info"": 4}","{""disputed"": 13, ""not enough info"": 33, ""refuted"": 16, ""supported"": 38}"
52,climate_fever,2,8,0.31,0.1998264893001735,0.0,100,"{""disputed"": 1, ""not enough info"": 58, ""refuted"": 41}","{""disputed"": 13, ""not enough info"": 33, ""refuted"": 16, ""supported"": 38}"
53,climate_fever,3,8,0.19,0.15534790975909482,0.0,100,"{""disputed"": 73, ""not enough info"": 26, ""refuted"": 1}","{""disputed"": 13, ""not enough info"": 33, ""refuted"": 16, ""supported"": 38}"
54,climate_fever,4,8,0.14,0.08399470899470898,0.0,100,"{""disputed"": 95, ""refuted"": 5}","{""disputed"": 13, ""not enough info"": 33, ""refuted"": 16, ""supported"": 38}"
55,climate_sentiment,0,8,0.31,0.2585440074906367,0.0,100,"{""opportunity"": 48, ""risk"": 52}","{""neutral"": 47, ""opportunity"": 16, ""risk"": 37}"
56,climate_sentiment,1,8,0.36,0.29552590266875983,0.0,100,"{""opportunity"": 33, ""risk"": 67}","{""neutral"": 47, ""opportunity"": 16, ""risk"": 37}"
57,climate_sentiment,2,8,0.19,0.14348132487667373,0.0,100,"{""opportunity"": 94, ""risk"": 6}","{""neutral"": 47, ""opportunity"": 16, ""risk"": 37}"
58,climate_sentiment,3,8,0.16,0.0927536231884058,0.0,100,"{""opportunity"": 99, ""risk"": 1}","{""neutral"": 47, ""opportunity"": 16, ""risk"": 37}"
59,climate_sentiment,4,8,0.37,0.18004866180048662,0.0,100,"{""risk"": 100}","{""neutral"": 47, ""opportunity"": 16, ""risk"": 37}"
60,cola,0,8,0.68,0.40476190476190477,0.0,100,"{""acceptable"": 100}","{""acceptable"": 68, ""unacceptable"": 32}"
61,cola,1,8,0.68,0.40476190476190477,0.0,100,"{""acceptable"": 100}","{""acceptable"": 68, ""unacceptable"": 32}"
62,cola,2,8,0.63,0.38650306748466257,0.0,100,"{""acceptable"": 95, ""unacceptable"": 5}","{""acceptable"": 68, ""unacceptable"": 32}"
63,cola,3,8,0.68,0.40476190476190477,0.0,100,"{""acceptable"": 100}","{""acceptable"": 68, ""unacceptable"": 32}"
64,cola,4,8,0.68,0.40476190476190477,0.0,100,"{""acceptable"": 100}","{""acceptable"": 68, ""unacceptable"": 32}"
65,copa,0,8,0.58,0.5689655172413793,0.0,100,"{""cause"": 32, ""effect"": 68}","{""cause"": 52, ""effect"": 48}"
66,copa,1,8,0.48,0.32432432432432434,0.0,100,"{""effect"": 100}","{""cause"": 52, ""effect"": 48}"
67,copa,2,8,0.48,0.34043632673769664,0.0,100,"{""cause"": 2, ""effect"": 98}","{""cause"": 52, ""effect"": 48}"
68,copa,3,8,0.5,0.48686371100164205,0.0,100,"{""cause"": 64, ""effect"": 36}","{""cause"": 52, ""effect"": 48}"
69,copa,4,8,0.48,0.32432432432432434,0.0,100,"{""effect"": 100}","{""cause"": 52, ""effect"": 48}"
70,covid_fake_news,0,8,0.59,0.5879811074263892,0.0,100,"{""fake"": 64, ""real"": 36}","{""fake"": 43, ""real"": 57}"
71,covid_fake_news,1,8,0.43,0.32775091402288004,0.0,100,"{""fake"": 96, ""real"": 4}","{""fake"": 43, ""real"": 57}"
72,covid_fake_news,2,8,0.57,0.5538956323270048,0.0,100,"{""fake"": 76, ""real"": 24}","{""fake"": 43, ""real"": 57}"
73,covid_fake_news,3,8,0.6,0.49264332825976664,0.0,100,"{""fake"": 11, ""real"": 89}","{""fake"": 43, ""real"": 57}"
74,covid_fake_news,4,8,0.48,0.4422994422994423,0.0,100,"{""fake"": 83, ""real"": 17}","{""fake"": 43, ""real"": 57}"
75,dbpedia_14,0,8,0.44,0.3915842094413523,0.0,100,"{""album"": 18, ""animal"": 5, ""artist"": 3, ""athlete"": 1, ""building"": 1, ""company"": 22, ""educational institution"": 2, ""film"": 37, ""plant"": 7, ""village"": 4}","{""album"": 6, ""animal"": 5, ""artist"": 9, ""athlete"": 6, ""building"": 4, ""company"": 11, ""educational institution"": 6, ""film"": 7, ""mean of transportation"": 9, ""natural place"": 6, ""office holder"": 9, ""plant"": 8, ""village"": 5, ""written work"": 9}"
76,dbpedia_14,1,8,0.31,0.23856879024789474,0.0,100,"{""album"": 61, ""artist"": 1, ""company"": 19, ""film"": 4, ""office holder"": 3, ""plant"": 8, ""village"": 4}","{""album"": 6, ""animal"": 5, ""artist"": 9, ""athlete"": 6, ""building"": 4, ""company"": 11, ""educational institution"": 6, ""film"": 7, ""mean of transportation"": 9, ""natural place"": 6, ""office holder"": 9, ""plant"": 8, ""village"": 5, ""written work"": 9}"
77,dbpedia_14,2,8,0.21,0.15629072141677183,0.0,100,"{""album"": 62, ""animal"": 2, ""artist"": 30, ""company"": 2, ""educational institution"": 2, ""film"": 2}","{""album"": 6, ""animal"": 5, ""artist"": 9, ""athlete"": 6, ""building"": 4, ""company"": 11, ""educational institution"": 6, ""film"": 7, ""mean of transportation"": 9, ""natural place"": 6, ""office holder"": 9, ""plant"": 8, ""village"": 5, ""written work"": 9}"
78,dbpedia_14,3,8,0.48,0.4298185941043084,0.0,100,"{""album"": 9, ""animal"": 23, ""artist"": 3, ""athlete"": 1, ""building"": 3, ""company"": 10, ""educational institution"": 2, ""film"": 28, ""plant"": 8, ""village"": 13}","{""album"": 6, ""animal"": 5, ""artist"": 9, ""athlete"": 6, ""building"": 4, ""company"": 11, ""educational institution"": 6, ""film"": 7, ""mean of transportation"": 9, ""natural place"": 6, ""office holder"": 9, ""plant"": 8, ""village"": 5, ""written work"": 9}"
79,dbpedia_14,4,8,0.53,0.4662728720332407,0.0,100,"{""album"": 7, ""animal"": 13, ""artist"": 22, ""athlete"": 5, ""building"": 1, ""company"": 19, ""educational institution"": 2, ""film"": 21, ""plant"": 6, ""village"": 4}","{""album"": 6, ""animal"": 5, ""artist"": 9, ""athlete"": 6, ""building"": 4, ""company"": 11, ""educational institution"": 6, ""film"": 7, ""mean of transportation"": 9, ""natural place"": 6, ""office holder"": 9, ""plant"": 8, ""village"": 5, ""written work"": 9}"
80,disaster_response_message,0,8,0.16,0.13793103448275862,0.0,100,"{""false"": 100}","{""false"": 16, ""true"": 84}"
81,disaster_response_message,1,8,0.16,0.13793103448275862,0.0,100,"{""false"": 100}","{""false"": 16, ""true"": 84}"
82,disaster_response_message,2,8,0.16,0.13793103448275862,0.0,100,"{""false"": 100}","{""false"": 16, ""true"": 84}"
83,disaster_response_message,3,8,0.16,0.13793103448275862,0.0,100,"{""false"": 100}","{""false"": 16, ""true"": 84}"
84,disaster_response_message,4,8,0.16,0.13793103448275862,0.0,100,"{""false"": 100}","{""false"": 16, ""true"": 84}"
85,emo,0,8,0.03,0.0726010101010101,0.0,100,"{""angry"": 3, ""sad"": 97}","{""angry"": 5, ""happy"": 3, ""others"": 90, ""sad"": 2}"
86,emo,1,8,0.02,0.010101010101010102,0.0,100,"{""angry"": 2, ""happy"": 1, ""sad"": 97}","{""angry"": 5, ""happy"": 3, ""others"": 90, ""sad"": 2}"
87,emo,2,8,0.05,0.047543859649122805,0.0,100,"{""angry"": 45, ""sad"": 55}","{""angry"": 5, ""happy"": 3, ""others"": 90, ""sad"": 2}"
88,emo,3,8,0.02,0.010309278350515464,0.0,100,"{""angry"": 3, ""happy"": 2, ""sad"": 95}","{""angry"": 5, ""happy"": 3, ""others"": 90, ""sad"": 2}"
89,emo,4,8,0.05,0.08676470588235294,0.0,100,"{""angry"": 15, ""happy"": 2, ""sad"": 83}","{""angry"": 5, ""happy"": 3, ""others"": 90, ""sad"": 2}"
90,emotion,0,8,0.4,0.12016838882510524,0.0,100,"{""joy"": 96, ""sadness"": 4}","{""anger"": 12, ""fear"": 12, ""joy"": 38, ""love"": 12, ""sadness"": 22, ""surprise"": 4}"
91,emotion,1,8,0.21,0.0907507869533186,0.0,100,"{""joy"": 41, ""surprise"": 59}","{""anger"": 12, ""fear"": 12, ""joy"": 38, ""love"": 12, ""sadness"": 22, ""surprise"": 4}"
92,emotion,2,8,0.04,0.012820512820512822,0.0,100,"{""surprise"": 100}","{""anger"": 12, ""fear"": 12, ""joy"": 38, ""love"": 12, ""sadness"": 22, ""surprise"": 4}"
93,emotion,3,8,0.13,0.06505376344086022,0.0,100,"{""joy"": 24, ""surprise"": 76}","{""anger"": 12, ""fear"": 12, ""joy"": 38, ""love"": 12, ""sadness"": 22, ""surprise"": 4}"
94,emotion,4,8,0.09,0.04949608062709967,0.0,100,"{""joy"": 9, ""surprise"": 91}","{""anger"": 12, ""fear"": 12, ""joy"": 38, ""love"": 12, ""sadness"": 22, ""surprise"": 4}"
95,environmental_claims,0,8,0.31,0.304365359411231,0.0,100,"{""no"": 15, ""yes"": 85}","{""no"": 76, ""yes"": 24}"
96,environmental_claims,1,8,0.7,0.4684620836286322,0.0,100,"{""no"": 90, ""yes"": 10}","{""no"": 76, ""yes"": 24}"
97,environmental_claims,2,8,0.35,0.3467993166515928,0.0,100,"{""no"": 31, ""yes"": 69}","{""no"": 76, ""yes"": 24}"
98,environmental_claims,3,8,0.35,0.32001255361439485,0.0,100,"{""no"": 45, ""yes"": 55}","{""no"": 76, ""yes"": 24}"
99,environmental_claims,4,8,0.52,0.40476190476190477,0.0,100,"{""no"": 68, ""yes"": 32}","{""no"": 76, ""yes"": 24}"
100,ethos,0,8,0.53,0.36477902419245845,0.0,100,"{""hate speech"": 1, ""no hate speech"": 99}","{""hate speech"": 48, ""no hate speech"": 52}"
101,ethos,1,8,0.55,0.47862356621480706,0.0,100,"{""hate speech"": 15, ""no hate speech"": 85}","{""hate speech"": 48, ""no hate speech"": 52}"
102,ethos,2,8,0.53,0.36477902419245845,0.0,100,"{""hate speech"": 1, ""no hate speech"": 99}","{""hate speech"": 48, ""no hate speech"": 52}"
103,ethos,3,8,0.58,0.58,0.0,100,"{""hate speech"": 52, ""no hate speech"": 48}","{""hate speech"": 48, ""no hate speech"": 52}"
104,ethos,4,8,0.54,0.38666666666666666,0.0,100,"{""hate speech"": 2, ""no hate speech"": 98}","{""hate speech"": 48, ""no hate speech"": 52}"
105,fever,0,8,0.28,0.14583333333333334,0.0,100,"{""refuted"": 100}","{""not enough info"": 28, ""refuted"": 28, ""supported"": 44}"
106,fever,1,8,0.29,0.18701075268817205,0.0,100,"{""not enough info"": 97, ""refuted"": 3}","{""not enough info"": 28, ""refuted"": 28, ""supported"": 44}"
107,fever,2,8,0.29,0.17196353781719634,0.0,100,"{""not enough info"": 5, ""refuted"": 95}","{""not enough info"": 28, ""refuted"": 28, ""supported"": 44}"
108,fever,3,8,0.31,0.25732424718970237,0.0,100,"{""not enough info"": 31, ""refuted"": 69}","{""not enough info"": 28, ""refuted"": 28, ""supported"": 44}"
109,fever,4,8,0.3,0.2554347826086956,0.0,100,"{""not enough info"": 64, ""refuted"": 36}","{""not enough info"": 28, ""refuted"": 28, ""supported"": 44}"
110,financial_phrasebank,0,8,0.19,0.1840367499282228,0.0,100,"{""negative"": 73, ""positive"": 27}","{""negative"": 13, ""neutral"": 60, ""positive"": 27}"
111,financial_phrasebank,1,8,0.27,0.22999999999999998,0.0,100,"{""negative"": 27, ""positive"": 73}","{""negative"": 13, ""neutral"": 60, ""positive"": 27}"
112,financial_phrasebank,2,8,0.13,0.07669616519174041,0.0,100,"{""negative"": 100}","{""negative"": 13, ""neutral"": 60, ""positive"": 27}"
113,financial_phrasebank,3,8,0.26,0.22843822843822845,0.0,100,"{""negative"": 39, ""positive"": 61}","{""negative"": 13, ""neutral"": 60, ""positive"": 27}"
114,financial_phrasebank,4,8,0.13,0.07669616519174041,0.0,100,"{""negative"": 100}","{""negative"": 13, ""neutral"": 60, ""positive"": 27}"
115,hate_speech18,0,8,0.94,0.4845360824742268,0.0,100,"{""no hate"": 100}","{""hate"": 6, ""no hate"": 94}"
116,hate_speech18,1,8,0.91,0.5670995670995671,0.0,100,"{""hate"": 5, ""no hate"": 95}","{""hate"": 6, ""no hate"": 94}"
117,hate_speech18,2,8,0.94,0.4845360824742268,0.0,100,"{""no hate"": 100}","{""hate"": 6, ""no hate"": 94}"
118,hate_speech18,3,8,0.94,0.4845360824742268,0.0,100,"{""no hate"": 100}","{""hate"": 6, ""no hate"": 94}"
119,hate_speech18,4,8,0.94,0.4845360824742268,0.0,100,"{""no hate"": 100}","{""hate"": 6, ""no hate"": 94}"
120,health_fact,0,8,0.3,0.23243243243243245,0.0,100,"{""false"": 87, ""mixture"": 13}","{""false"": 24, ""mixture"": 17, ""true"": 56, ""unproven"": 3}"
121,health_fact,1,8,0.24,0.0967741935483871,0.0,100,"{""false"": 100}","{""false"": 24, ""mixture"": 17, ""true"": 56, ""unproven"": 3}"
122,health_fact,2,8,0.29,0.21321784527764592,0.0,100,"{""false"": 74, ""mixture"": 26}","{""false"": 24, ""mixture"": 17, ""true"": 56, ""unproven"": 3}"
123,health_fact,3,8,0.24,0.0967741935483871,0.0,100,"{""false"": 100}","{""false"": 24, ""mixture"": 17, ""true"": 56, ""unproven"": 3}"
124,health_fact,4,8,0.24,0.0967741935483871,0.0,100,"{""false"": 100}","{""false"": 24, ""mixture"": 17, ""true"": 56, ""unproven"": 3}"
125,i2d2,0,8,0.39,0.2805755395683453,0.0,100,"{""false"": 100}","{""false"": 39, ""true"": 61}"
126,i2d2,1,8,0.38,0.2753623188405797,0.0,100,"{""false"": 99, ""true"": 1}","{""false"": 39, ""true"": 61}"
127,i2d2,2,8,0.39,0.2805755395683453,0.0,100,"{""false"": 100}","{""false"": 39, ""true"": 61}"
128,i2d2,3,8,0.39,0.2805755395683453,0.0,100,"{""false"": 100}","{""false"": 39, ""true"": 61}"
129,i2d2,4,8,0.39,0.2805755395683453,0.0,100,"{""false"": 100}","{""false"": 39, ""true"": 61}"
130,imdb,0,8,0.54,0.4022869022869023,0.0,100,"{""negative"": 95, ""positive"": 5}","{""negative"": 53, ""positive"": 47}"
131,imdb,1,8,0.54,0.38666666666666666,0.0,100,"{""negative"": 97, ""positive"": 3}","{""negative"": 53, ""positive"": 47}"
132,imdb,2,8,0.55,0.48717948717948717,0.0,100,"{""negative"": 12, ""positive"": 88}","{""negative"": 53, ""positive"": 47}"
133,imdb,3,8,0.54,0.4022869022869023,0.0,100,"{""negative"": 95, ""positive"": 5}","{""negative"": 53, ""positive"": 47}"
134,imdb,4,8,0.53,0.3464052287581699,0.0,100,"{""negative"": 100}","{""negative"": 53, ""positive"": 47}"
135,insincere_questions,0,8,0.94,0.4845360824742268,0.0,100,"{""insincere question"": 1, ""valid question"": 99}","{""insincere question"": 5, ""valid question"": 95}"
136,insincere_questions,1,8,0.16,0.15458937198067632,0.0,100,"{""insincere question"": 87, ""valid question"": 13}","{""insincere question"": 5, ""valid question"": 95}"
137,insincere_questions,2,8,0.94,0.4845360824742268,0.0,100,"{""insincere question"": 1, ""valid question"": 99}","{""insincere question"": 5, ""valid question"": 95}"
138,insincere_questions,3,8,0.86,0.46236559139784944,0.0,100,"{""insincere question"": 9, ""valid question"": 91}","{""insincere question"": 5, ""valid question"": 95}"
139,insincere_questions,4,8,0.95,0.48717948717948717,0.0,100,"{""valid question"": 100}","{""insincere question"": 5, ""valid question"": 95}"
140,is_humor,0,8,0.3,0.2404513888888889,0.0,100,"{""humorous"": 1, ""not humorous"": 99}","{""humorous"": 71, ""not humorous"": 29}"
141,is_humor,1,8,0.51,0.4916485112563544,0.0,100,"{""humorous"": 48, ""not humorous"": 52}","{""humorous"": 71, ""not humorous"": 29}"
142,is_humor,2,8,0.37,0.359169972535856,0.0,100,"{""humorous"": 16, ""not humorous"": 84}","{""humorous"": 71, ""not humorous"": 29}"
143,is_humor,3,8,0.51,0.5039983804028747,0.0,100,"{""humorous"": 40, ""not humorous"": 60}","{""humorous"": 71, ""not humorous"": 29}"
144,is_humor,4,8,0.66,0.46875,0.0,100,"{""humorous"": 89, ""not humorous"": 11}","{""humorous"": 71, ""not humorous"": 29}"
145,jailbreak_classification,0,8,0.52,0.36000000000000004,0.0,100,"{""benign"": 98, ""jailbreak"": 2}","{""benign"": 52, ""jailbreak"": 48}"
146,jailbreak_classification,1,8,0.57,0.568922305764411,0.0,100,"{""benign"": 43, ""jailbreak"": 57}","{""benign"": 52, ""jailbreak"": 48}"
147,jailbreak_classification,2,8,0.56,0.4282744282744283,0.0,100,"{""benign"": 96, ""jailbreak"": 4}","{""benign"": 52, ""jailbreak"": 48}"
148,jailbreak_classification,3,8,0.48,0.34043632673769664,0.0,100,"{""benign"": 2, ""jailbreak"": 98}","{""benign"": 52, ""jailbreak"": 48}"
149,jailbreak_classification,4,8,0.48,0.38095238095238093,0.0,100,"{""benign"": 8, ""jailbreak"": 92}","{""benign"": 52, ""jailbreak"": 48}"
150,lexical_rc_cogalexv,0,8,0.67,0.21000000000000002,0.0,100,"{""hypernym"": 2, ""unrelated"": 98}","{""antonym"": 11, ""hypernym"": 6, ""meronym"": 6, ""synonym"": 10, ""unrelated"": 67}"
151,lexical_rc_cogalexv,1,8,0.67,0.16047904191616766,0.0,100,"{""unrelated"": 100}","{""antonym"": 11, ""hypernym"": 6, ""meronym"": 6, ""synonym"": 10, ""unrelated"": 67}"
152,lexical_rc_cogalexv,2,8,0.66,0.15903614457831325,0.0,100,"{""hypernym"": 1, ""unrelated"": 99}","{""antonym"": 11, ""hypernym"": 6, ""meronym"": 6, ""synonym"": 10, ""unrelated"": 67}"
153,lexical_rc_cogalexv,3,8,0.51,0.15319347319347318,0.0,100,"{""hypernym"": 24, ""unrelated"": 76}","{""antonym"": 11, ""hypernym"": 6, ""meronym"": 6, ""synonym"": 10, ""unrelated"": 67}"
154,lexical_rc_cogalexv,4,8,0.62,0.1530864197530864,0.0,100,"{""antonym"": 4, ""hypernym"": 1, ""unrelated"": 95}","{""antonym"": 11, ""hypernym"": 6, ""meronym"": 6, ""synonym"": 10, ""unrelated"": 67}"
155,lexical_rc_root09,0,8,0.59,0.24737945492662472,0.0,100,"{""unrelated"": 100}","{""co-hyponym"": 26, ""hypernym"": 15, ""unrelated"": 59}"
156,lexical_rc_root09,1,8,0.56,0.4222932954276238,0.0,100,"{""co-hyponym"": 16, ""hypernym"": 9, ""unrelated"": 75}","{""co-hyponym"": 26, ""hypernym"": 15, ""unrelated"": 59}"
157,lexical_rc_root09,2,8,0.59,0.24737945492662472,0.0,100,"{""unrelated"": 100}","{""co-hyponym"": 26, ""hypernym"": 15, ""unrelated"": 59}"
158,lexical_rc_root09,3,8,0.34,0.23418134377038488,0.0,100,"{""co-hyponym"": 86, ""unrelated"": 14}","{""co-hyponym"": 26, ""hypernym"": 15, ""unrelated"": 59}"
159,lexical_rc_root09,4,8,0.43,0.3630227781926811,0.0,100,"{""co-hyponym"": 6, ""hypernym"": 50, ""unrelated"": 44}","{""co-hyponym"": 26, ""hypernym"": 15, ""unrelated"": 59}"
160,liar,0,8,0.22,0.06010928961748634,0.0,100,"{""mostly true"": 100}","{""barely true"": 20, ""false"": 23, ""half true"": 12, ""mostly true"": 22, ""pants fire"": 4, ""true"": 19}"
161,liar,1,8,0.22,0.06060606060606061,0.0,100,"{""mostly true"": 99, ""pants fire"": 1}","{""barely true"": 20, ""false"": 23, ""half true"": 12, ""mostly true"": 22, ""pants fire"": 4, ""true"": 19}"
162,liar,2,8,0.22,0.06010928961748634,0.0,100,"{""mostly true"": 100}","{""barely true"": 20, ""false"": 23, ""half true"": 12, ""mostly true"": 22, ""pants fire"": 4, ""true"": 19}"
163,liar,3,8,0.22,0.06010928961748634,0.0,100,"{""mostly true"": 100}","{""barely true"": 20, ""false"": 23, ""half true"": 12, ""mostly true"": 22, ""pants fire"": 4, ""true"": 19}"
164,liar,4,8,0.16,0.05031446540880503,0.0,100,"{""mostly true"": 84, ""pants fire"": 16}","{""barely true"": 20, ""false"": 23, ""half true"": 12, ""mostly true"": 22, ""pants fire"": 4, ""true"": 19}"
165,limit,0,8,0.28,0.26560587515299877,0.0,100,"{""no"": 87, ""yes"": 13}","{""no"": 27, ""yes"": 73}"
166,limit,1,8,0.27,0.2125984251968504,0.0,100,"{""no"": 100}","{""no"": 27, ""yes"": 73}"
167,limit,2,8,0.31,0.2894655545257955,0.0,100,"{""no"": 90, ""yes"": 10}","{""no"": 27, ""yes"": 73}"
168,limit,3,8,0.27,0.2125984251968504,0.0,100,"{""no"": 100}","{""no"": 27, ""yes"": 73}"
169,limit,4,8,0.27,0.23632179098232034,0.0,100,"{""no"": 94, ""yes"": 6}","{""no"": 27, ""yes"": 73}"
170,logical_fallacy_detection,0,8,0.39,0.33398842668413586,0.0,100,"{""invalid"": 11, ""valid"": 89}","{""invalid"": 60, ""valid"": 40}"
171,logical_fallacy_detection,1,8,0.4,0.2857142857142857,0.0,100,"{""valid"": 100}","{""invalid"": 60, ""valid"": 40}"
172,logical_fallacy_detection,2,8,0.41,0.33789698125911793,0.0,100,"{""invalid"": 7, ""valid"": 93}","{""invalid"": 60, ""valid"": 40}"
173,logical_fallacy_detection,3,8,0.4,0.2857142857142857,0.0,100,"{""valid"": 100}","{""invalid"": 60, ""valid"": 40}"
174,logical_fallacy_detection,4,8,0.4,0.2857142857142857,0.0,100,"{""valid"": 100}","{""invalid"": 60, ""valid"": 40}"
175,metaphor_boolean,0,8,0.52,0.34210526315789475,0.0,100,"{""false"": 100}","{""false"": 52, ""true"": 48}"
176,metaphor_boolean,1,8,0.52,0.34210526315789475,0.0,100,"{""false"": 100}","{""false"": 52, ""true"": 48}"
177,metaphor_boolean,2,8,0.52,0.34210526315789475,0.0,100,"{""false"": 100}","{""false"": 52, ""true"": 48}"
178,metaphor_boolean,3,8,0.52,0.34210526315789475,0.0,100,"{""false"": 100}","{""false"": 52, ""true"": 48}"
179,metaphor_boolean,4,8,0.52,0.34210526315789475,0.0,100,"{""false"": 100}","{""false"": 52, ""true"": 48}"
180,mrpc,0,8,0.32,0.24242424242424243,0.0,100,"{""not equivalent"": 100}","{""equivalent"": 68, ""not equivalent"": 32}"
181,mrpc,1,8,0.32,0.24242424242424243,0.0,100,"{""not equivalent"": 100}","{""equivalent"": 68, ""not equivalent"": 32}"
182,mrpc,2,8,0.32,0.24242424242424243,0.0,100,"{""not equivalent"": 100}","{""equivalent"": 68, ""not equivalent"": 32}"
183,mrpc,3,8,0.32,0.24242424242424243,0.0,100,"{""not equivalent"": 100}","{""equivalent"": 68, ""not equivalent"": 32}"
184,mrpc,4,8,0.32,0.24242424242424243,0.0,100,"{""not equivalent"": 100}","{""equivalent"": 68, ""not equivalent"": 32}"
185,news_data,0,8,0.35,0.2552845528455285,0.0,100,"{""business"": 11, ""entertainment"": 2, ""politics"": 76, ""sports"": 11}","{""business"": 30, ""entertainment"": 3, ""health"": 13, ""politics"": 19, ""sports"": 30, ""tech"": 5}"
186,news_data,1,8,0.39,0.2578370854514645,0.0,100,"{""business"": 51, ""entertainment"": 13, ""politics"": 32, ""sports"": 4}","{""business"": 30, ""entertainment"": 3, ""health"": 13, ""politics"": 19, ""sports"": 30, ""tech"": 5}"
187,news_data,2,8,0.5,0.3788141082258729,0.0,100,"{""business"": 7, ""entertainment"": 3, ""politics"": 66, ""sports"": 24}","{""business"": 30, ""entertainment"": 3, ""health"": 13, ""politics"": 19, ""sports"": 30, ""tech"": 5}"
188,news_data,3,8,0.45,0.3281816390858944,0.0,100,"{""business"": 17, ""entertainment"": 6, ""politics"": 61, ""sports"": 15, ""tech"": 1}","{""business"": 30, ""entertainment"": 3, ""health"": 13, ""politics"": 19, ""sports"": 30, ""tech"": 5}"
189,news_data,4,8,0.44,0.31611736893338893,0.0,100,"{""business"": 17, ""entertainment"": 2, ""politics"": 66, ""sports"": 15}","{""business"": 30, ""entertainment"": 3, ""health"": 13, ""politics"": 19, ""sports"": 30, ""tech"": 5}"
190,poem_sentiment,0,8,0.58,0.36142815335089257,0.0,100,"{""negative"": 32, ""no impact"": 68}","{""negative"": 19, ""no impact"": 66, ""positive"": 15}"
191,poem_sentiment,1,8,0.64,0.2633744855967078,0.0,100,"{""negative"": 4, ""no impact"": 96}","{""negative"": 19, ""no impact"": 66, ""positive"": 15}"
192,poem_sentiment,2,8,0.53,0.35947712418300654,0.0,100,"{""negative"": 49, ""no impact"": 51}","{""negative"": 19, ""no impact"": 66, ""positive"": 15}"
193,poem_sentiment,3,8,0.33,0.23911173664868246,0.0,100,"{""negative"": 79, ""no impact"": 21}","{""negative"": 19, ""no impact"": 66, ""positive"": 15}"
194,poem_sentiment,4,8,0.32,0.23177511549604576,0.0,100,"{""negative"": 80, ""no impact"": 20}","{""negative"": 19, ""no impact"": 66, ""positive"": 15}"
195,pragmeval_emergent,0,8,0.34,0.1691542288557214,0.0,100,"{""observing"": 100}","{""against"": 14, ""for"": 52, ""observing"": 34}"
196,pragmeval_emergent,1,8,0.52,0.29983660130718953,0.0,100,"{""against"": 2, ""for"": 84, ""observing"": 14}","{""against"": 14, ""for"": 52, ""observing"": 34}"
197,pragmeval_emergent,2,8,0.24,0.21007168158870948,0.0,100,"{""against"": 81, ""for"": 16, ""observing"": 3}","{""against"": 14, ""for"": 52, ""observing"": 34}"
198,pragmeval_emergent,3,8,0.37,0.26408529741863074,0.0,100,"{""against"": 41, ""for"": 56, ""observing"": 3}","{""against"": 14, ""for"": 52, ""observing"": 34}"
199,pragmeval_emergent,4,8,0.34,0.1691542288557214,0.0,100,"{""observing"": 100}","{""against"": 14, ""for"": 52, ""observing"": 34}"
200,pragmeval_sarcasm,0,8,0.61,0.49942241047362346,0.0,100,"{""not sarcasm"": 16, ""sarcasm"": 84}","{""not sarcasm"": 37, ""sarcasm"": 63}"
201,pragmeval_sarcasm,1,8,0.64,0.5628946090335114,0.0,100,"{""not sarcasm"": 21, ""sarcasm"": 79}","{""not sarcasm"": 37, ""sarcasm"": 63}"
202,pragmeval_sarcasm,2,8,0.36,0.2647058823529412,0.0,100,"{""not sarcasm"": 99, ""sarcasm"": 1}","{""not sarcasm"": 37, ""sarcasm"": 63}"
203,pragmeval_sarcasm,3,8,0.63,0.5552350042072365,0.0,100,"{""not sarcasm"": 22, ""sarcasm"": 78}","{""not sarcasm"": 37, ""sarcasm"": 63}"
204,pragmeval_sarcasm,4,8,0.65,0.4631078386255561,0.0,100,"{""not sarcasm"": 4, ""sarcasm"": 96}","{""not sarcasm"": 37, ""sarcasm"": 63}"
205,pragmeval_verifiability,0,8,0.1,0.06060606060606061,0.0,100,"{""non-experiential"": 100}","{""experiential"": 15, ""non-experiential"": 10, ""unverifiable"": 75}"
206,pragmeval_verifiability,1,8,0.1,0.06060606060606061,0.0,100,"{""non-experiential"": 100}","{""experiential"": 15, ""non-experiential"": 10, ""unverifiable"": 75}"
207,pragmeval_verifiability,2,8,0.1,0.06060606060606061,0.0,100,"{""non-experiential"": 100}","{""experiential"": 15, ""non-experiential"": 10, ""unverifiable"": 75}"
208,pragmeval_verifiability,3,8,0.17,0.169151262174518,0.0,100,"{""experiential"": 71, ""non-experiential"": 29}","{""experiential"": 15, ""non-experiential"": 10, ""unverifiable"": 75}"
209,pragmeval_verifiability,4,8,0.1,0.06116207951070337,0.0,100,"{""experiential"": 1, ""non-experiential"": 99}","{""experiential"": 15, ""non-experiential"": 10, ""unverifiable"": 75}"
210,prosocial_dialog,0,8,0.18,0.061016949152542375,0.0,100,"{""intervention needed"": 100}","{""casual"": 18, ""caution needed"": 37, ""intervention needed"": 18, ""possibly caution needed"": 12, ""probably caution needed"": 15}"
211,prosocial_dialog,1,8,0.2,0.14477378830320003,0.0,100,"{""casual"": 4, ""caution needed"": 33, ""intervention needed"": 50, ""possibly caution needed"": 10, ""probably caution needed"": 3}","{""casual"": 18, ""caution needed"": 37, ""intervention needed"": 18, ""possibly caution needed"": 12, ""probably caution needed"": 15}"
212,prosocial_dialog,2,8,0.18,0.061016949152542375,0.0,100,"{""intervention needed"": 100}","{""casual"": 18, ""caution needed"": 37, ""intervention needed"": 18, ""possibly caution needed"": 12, ""probably caution needed"": 15}"
213,prosocial_dialog,3,8,0.18,0.061016949152542375,0.0,100,"{""intervention needed"": 100}","{""casual"": 18, ""caution needed"": 37, ""intervention needed"": 18, ""possibly caution needed"": 12, ""probably caution needed"": 15}"
214,prosocial_dialog,4,8,0.18,0.06153846153846154,0.0,100,"{""intervention needed"": 99, ""probably caution needed"": 1}","{""casual"": 18, ""caution needed"": 37, ""intervention needed"": 18, ""possibly caution needed"": 12, ""probably caution needed"": 15}"
215,pun_detection,0,8,0.62,0.6006725514922235,0.0,100,"{""no"": 39, ""yes"": 61}","{""no"": 39, ""yes"": 61}"
216,pun_detection,1,8,0.64,0.52,0.0,100,"{""no"": 11, ""yes"": 89}","{""no"": 39, ""yes"": 61}"
217,pun_detection,2,8,0.63,0.46953405017921146,0.0,100,"{""no"": 6, ""yes"": 94}","{""no"": 39, ""yes"": 61}"
218,pun_detection,3,8,0.61,0.4223078062509258,0.0,100,"{""no"": 4, ""yes"": 96}","{""no"": 39, ""yes"": 61}"
219,pun_detection,4,8,0.6,0.5659722222222222,0.0,100,"{""no"": 33, ""yes"": 67}","{""no"": 39, ""yes"": 61}"
220,qqp,0,8,0.66,0.42411924119241196,0.0,100,"{""duplicate"": 6, ""not duplicate"": 94}","{""duplicate"": 30, ""not duplicate"": 70}"
221,qqp,1,8,0.65,0.539413080668509,0.0,100,"{""duplicate"": 21, ""not duplicate"": 79}","{""duplicate"": 30, ""not duplicate"": 70}"
222,qqp,2,8,0.67,0.45282706018902336,0.0,100,"{""duplicate"": 7, ""not duplicate"": 93}","{""duplicate"": 30, ""not duplicate"": 70}"
223,qqp,3,8,0.64,0.6138996138996139,0.0,100,"{""duplicate"": 44, ""not duplicate"": 56}","{""duplicate"": 30, ""not duplicate"": 70}"
224,qqp,4,8,0.65,0.5792763553311696,0.0,100,"{""duplicate"": 29, ""not duplicate"": 71}","{""duplicate"": 30, ""not duplicate"": 70}"
225,rotten_tomatoes,0,8,0.64,0.5792426367461431,0.0,100,"{""negative"": 87, ""positive"": 13}","{""negative"": 51, ""positive"": 49}"
226,rotten_tomatoes,1,8,0.59,0.516452411841019,0.0,100,"{""negative"": 88, ""positive"": 12}","{""negative"": 51, ""positive"": 49}"
227,rotten_tomatoes,2,8,0.57,0.46081504702194354,0.0,100,"{""negative"": 94, ""positive"": 6}","{""negative"": 51, ""positive"": 49}"
228,rotten_tomatoes,3,8,0.65,0.6471418489767113,0.0,100,"{""negative"": 40, ""positive"": 60}","{""negative"": 51, ""positive"": 49}"
229,rotten_tomatoes,4,8,0.51,0.33774834437086093,0.0,100,"{""negative"": 100}","{""negative"": 51, ""positive"": 49}"
230,semeval_absa_laptop,0,8,0.04,0.019230769230769232,0.0,100,"{""conflict"": 100}","{""conflict"": 4, ""negative"": 24, ""neutral"": 22, ""positive"": 50}"
231,semeval_absa_laptop,1,8,0.05,0.04044117647058823,0.0,100,"{""conflict"": 98, ""neutral"": 2}","{""conflict"": 4, ""negative"": 24, ""neutral"": 22, ""positive"": 50}"
232,semeval_absa_laptop,2,8,0.13,0.10453972257250946,0.0,100,"{""conflict"": 61, ""neutral"": 39}","{""conflict"": 4, ""negative"": 24, ""neutral"": 22, ""positive"": 50}"
233,semeval_absa_laptop,3,8,0.08,0.09183673469387754,0.0,100,"{""conflict"": 94, ""neutral"": 6}","{""conflict"": 4, ""negative"": 24, ""neutral"": 22, ""positive"": 50}"
234,semeval_absa_laptop,4,8,0.04,0.019230769230769232,0.0,100,"{""conflict"": 100}","{""conflict"": 4, ""negative"": 24, ""neutral"": 22, ""positive"": 50}"
235,semeval_absa_restaurant,0,8,0.01,0.0049504950495049506,0.0,100,"{""conflict"": 100}","{""conflict"": 1, ""negative"": 12, ""neutral"": 13, ""positive"": 74}"
236,semeval_absa_restaurant,1,8,0.02,0.045454545454545456,0.0,100,"{""conflict"": 91, ""neutral"": 9}","{""conflict"": 1, ""negative"": 12, ""neutral"": 13, ""positive"": 74}"
237,semeval_absa_restaurant,2,8,0.01,0.0049504950495049506,0.0,100,"{""conflict"": 100}","{""conflict"": 1, ""negative"": 12, ""neutral"": 13, ""positive"": 74}"
238,semeval_absa_restaurant,3,8,0.02,0.03456640388114009,0.0,100,"{""conflict"": 96, ""neutral"": 4}","{""conflict"": 1, ""negative"": 12, ""neutral"": 13, ""positive"": 74}"
239,semeval_absa_restaurant,4,8,0.01,0.0049504950495049506,0.0,100,"{""conflict"": 100}","{""conflict"": 1, ""negative"": 12, ""neutral"": 13, ""positive"": 74}"
240,senteval_cr,0,8,0.7,0.6921182266009853,0.0,100,"{""negative"": 72, ""positive"": 28}","{""negative"": 44, ""positive"": 56}"
241,senteval_cr,1,8,0.74,0.7383252818035426,0.0,100,"{""negative"": 48, ""positive"": 52}","{""negative"": 44, ""positive"": 56}"
242,senteval_cr,2,8,0.72,0.719551282051282,0.0,100,"{""negative"": 60, ""positive"": 40}","{""negative"": 44, ""positive"": 56}"
243,senteval_cr,3,8,0.49,0.3985139757046821,0.0,100,"{""negative"": 95, ""positive"": 5}","{""negative"": 44, ""positive"": 56}"
244,senteval_cr,4,8,0.53,0.4643874643874644,0.0,100,"{""negative"": 91, ""positive"": 9}","{""negative"": 44, ""positive"": 56}"
245,senteval_subj,0,8,0.43,0.3006993006993007,0.0,100,"{""subjective"": 100}","{""objective"": 57, ""subjective"": 43}"
246,senteval_subj,1,8,0.43,0.3006993006993007,0.0,100,"{""subjective"": 100}","{""objective"": 57, ""subjective"": 43}"
247,senteval_subj,2,8,0.43,0.3006993006993007,0.0,100,"{""subjective"": 100}","{""objective"": 57, ""subjective"": 43}"
248,senteval_subj,3,8,0.43,0.3006993006993007,0.0,100,"{""subjective"": 100}","{""objective"": 57, ""subjective"": 43}"
249,senteval_subj,4,8,0.43,0.3006993006993007,0.0,100,"{""subjective"": 100}","{""objective"": 57, ""subjective"": 43}"
250,silicone_dyda_da,0,8,0.33,0.21584451011593542,0.0,100,"{""commissive"": 47, ""question"": 53}","{""commissive"": 6, ""directive"": 17, ""inform"": 47, ""question"": 30}"
251,silicone_dyda_da,1,8,0.44,0.37904667795972147,0.0,100,"{""commissive"": 38, ""directive"": 7, ""inform"": 22, ""question"": 33}","{""commissive"": 6, ""directive"": 17, ""inform"": 47, ""question"": 30}"
252,silicone_dyda_da,2,8,0.48,0.18819444444444444,0.0,100,"{""directive"": 3, ""inform"": 97}","{""commissive"": 6, ""directive"": 17, ""inform"": 47, ""question"": 30}"
253,silicone_dyda_da,3,8,0.43,0.34627911302155445,0.0,100,"{""commissive"": 3, ""directive"": 66, ""inform"": 6, ""question"": 25}","{""commissive"": 6, ""directive"": 17, ""inform"": 47, ""question"": 30}"
254,silicone_dyda_da,4,8,0.29,0.292713017410354,0.0,100,"{""commissive"": 53, ""directive"": 28, ""question"": 19}","{""commissive"": 6, ""directive"": 17, ""inform"": 47, ""question"": 30}"
255,sms_spam,0,8,0.09,0.08551904331222993,0.0,100,"{""ham"": 3, ""spam"": 97}","{""ham"": 90, ""spam"": 10}"
256,sms_spam,1,8,0.9,0.47368421052631576,0.0,100,"{""ham"": 100}","{""ham"": 90, ""spam"": 10}"
257,sms_spam,2,8,0.1,0.09090909090909091,0.0,100,"{""spam"": 100}","{""ham"": 90, ""spam"": 10}"
258,sms_spam,3,8,0.71,0.5551464948611751,0.0,100,"{""ham"": 69, ""spam"": 31}","{""ham"": 90, ""spam"": 10}"
259,sms_spam,4,8,0.83,0.5056702529805176,0.0,100,"{""ham"": 91, ""spam"": 9}","{""ham"": 90, ""spam"": 10}"
260,sst2,0,8,0.64,0.6363636363636364,0.0,100,"{""negative"": 67, ""positive"": 33}","{""negative"": 43, ""positive"": 57}"
261,sst2,1,8,0.47,0.3859344224307728,0.0,100,"{""negative"": 94, ""positive"": 6}","{""negative"": 43, ""positive"": 57}"
262,sst2,2,8,0.53,0.48684354187138335,0.0,100,"{""negative"": 86, ""positive"": 14}","{""negative"": 43, ""positive"": 57}"
263,sst2,3,8,0.5,0.4429590017825312,0.0,100,"{""negative"": 89, ""positive"": 11}","{""negative"": 43, ""positive"": 57}"
264,sst2,4,8,0.62,0.6124031007751938,0.0,100,"{""negative"": 71, ""positive"": 29}","{""negative"": 43, ""positive"": 57}"
265,sst5,0,8,0.15,0.05217391304347826,0.0,100,"{""very negative"": 100}","{""extremely positive"": 18, ""negative"": 29, ""neutral"": 17, ""positive"": 21, ""very negative"": 15}"
266,sst5,1,8,0.15,0.05217391304347826,0.0,100,"{""very negative"": 100}","{""extremely positive"": 18, ""negative"": 29, ""neutral"": 17, ""positive"": 21, ""very negative"": 15}"
267,sst5,2,8,0.15,0.05217391304347826,0.0,100,"{""very negative"": 100}","{""extremely positive"": 18, ""negative"": 29, ""neutral"": 17, ""positive"": 21, ""very negative"": 15}"
268,sst5,3,8,0.15,0.05217391304347826,0.0,100,"{""very negative"": 100}","{""extremely positive"": 18, ""negative"": 29, ""neutral"": 17, ""positive"": 21, ""very negative"": 15}"
269,sst5,4,8,0.15,0.05217391304347826,0.0,100,"{""very negative"": 100}","{""extremely positive"": 18, ""negative"": 29, ""neutral"": 17, ""positive"": 21, ""very negative"": 15}"
270,student_question_categories,0,8,0.49,0.38274572649572647,0.0,100,"{""biology"": 4, ""chemistry"": 8, ""physics"": 88}","{""biology"": 9, ""chemistry"": 19, ""maths"": 32, ""physics"": 40}"
271,student_question_categories,1,8,0.68,0.6875262671117002,0.0,100,"{""biology"": 8, ""chemistry"": 10, ""maths"": 51, ""physics"": 31}","{""biology"": 9, ""chemistry"": 19, ""maths"": 32, ""physics"": 40}"
272,student_question_categories,2,8,0.72,0.6954158920333265,0.0,100,"{""biology"": 11, ""chemistry"": 11, ""maths"": 15, ""physics"": 63}","{""biology"": 9, ""chemistry"": 19, ""maths"": 32, ""physics"": 40}"
273,student_question_categories,3,8,0.56,0.546858423266874,0.0,100,"{""biology"": 47, ""chemistry"": 14, ""maths"": 8, ""physics"": 31}","{""biology"": 9, ""chemistry"": 19, ""maths"": 32, ""physics"": 40}"
274,student_question_categories,4,8,0.31,0.29496515533667234,0.0,100,"{""biology"": 76, ""chemistry"": 2, ""maths"": 5, ""physics"": 17}","{""biology"": 9, ""chemistry"": 19, ""maths"": 32, ""physics"": 40}"
275,tcfd_recommendations,0,8,0.39,0.14853333333333332,0.0,100,"{""risk"": 22, ""strategy"": 78}","{""governance"": 8, ""metrics"": 14, ""none"": 17, ""risk"": 14, ""strategy"": 47}"
276,tcfd_recommendations,1,8,0.41,0.16347673397717294,0.0,100,"{""governance"": 9, ""metrics"": 2, ""risk"": 2, ""strategy"": 87}","{""governance"": 8, ""metrics"": 14, ""none"": 17, ""risk"": 14, ""strategy"": 47}"
277,tcfd_recommendations,2,8,0.38,0.17010526315789476,0.0,100,"{""governance"": 17, ""metrics"": 5, ""strategy"": 78}","{""governance"": 8, ""metrics"": 14, ""none"": 17, ""risk"": 14, ""strategy"": 47}"
278,tcfd_recommendations,3,8,0.18,0.0931068931068931,0.0,100,"{""governance"": 70, ""strategy"": 30}","{""governance"": 8, ""metrics"": 14, ""none"": 17, ""risk"": 14, ""strategy"": 47}"
279,tcfd_recommendations,4,8,0.42,0.17120294814424847,0.0,100,"{""governance"": 1, ""metrics"": 15, ""strategy"": 84}","{""governance"": 8, ""metrics"": 14, ""none"": 17, ""risk"": 14, ""strategy"": 47}"
280,this_is_not_a_dataset,0,8,0.46,0.3150684931506849,0.0,100,"{""false"": 100}","{""false"": 46, ""true"": 54}"
281,this_is_not_a_dataset,1,8,0.46,0.3150684931506849,0.0,100,"{""false"": 100}","{""false"": 46, ""true"": 54}"
282,this_is_not_a_dataset,2,8,0.46,0.3150684931506849,0.0,100,"{""false"": 100}","{""false"": 46, ""true"": 54}"
283,this_is_not_a_dataset,3,8,0.46,0.3150684931506849,0.0,100,"{""false"": 100}","{""false"": 46, ""true"": 54}"
284,this_is_not_a_dataset,4,8,0.46,0.3150684931506849,0.0,100,"{""false"": 100}","{""false"": 46, ""true"": 54}"
285,toxic_conversations,0,8,0.79,0.441340782122905,0.0,100,"{""not toxic"": 86, ""toxic"": 14}","{""not toxic"": 93, ""toxic"": 7}"
286,toxic_conversations,1,8,0.92,0.4791666666666667,0.0,100,"{""not toxic"": 99, ""toxic"": 1}","{""not toxic"": 93, ""toxic"": 7}"
287,toxic_conversations,2,8,0.6,0.45175438596491224,0.0,100,"{""not toxic"": 59, ""toxic"": 41}","{""not toxic"": 93, ""toxic"": 7}"
288,toxic_conversations,3,8,0.78,0.4791666666666667,0.0,100,"{""not toxic"": 83, ""toxic"": 17}","{""not toxic"": 93, ""toxic"": 7}"
289,toxic_conversations,4,8,0.88,0.46808510638297873,0.0,100,"{""not toxic"": 95, ""toxic"": 5}","{""not toxic"": 93, ""toxic"": 7}"
290,trec,0,8,0.29,0.18357487922705315,0.0,100,"{""Abbreviation"": 3, ""Entity"": 64, ""Location"": 30, ""Person"": 3}","{""Abbreviation"": 1, ""Description"": 26, ""Entity"": 21, ""Location"": 16, ""Number"": 24, ""Person"": 12}"
291,trec,1,8,0.27,0.20581592320722755,0.0,100,"{""Abbreviation"": 25, ""Description"": 1, ""Entity"": 35, ""Location"": 7, ""Person"": 32}","{""Abbreviation"": 1, ""Description"": 26, ""Entity"": 21, ""Location"": 16, ""Number"": 24, ""Person"": 12}"
292,trec,2,8,0.45,0.322605056980057,0.0,100,"{""Abbreviation"": 4, ""Description"": 38, ""Entity"": 5, ""Location"": 38, ""Person"": 15}","{""Abbreviation"": 1, ""Description"": 26, ""Entity"": 21, ""Location"": 16, ""Number"": 24, ""Person"": 12}"
293,trec,3,8,0.32,0.2618913889075179,0.0,100,"{""Abbreviation"": 12, ""Entity"": 53, ""Location"": 15, ""Person"": 20}","{""Abbreviation"": 1, ""Description"": 26, ""Entity"": 21, ""Location"": 16, ""Number"": 24, ""Person"": 12}"
294,trec,4,8,0.26,0.25925463425463424,0.0,100,"{""Abbreviation"": 55, ""Description"": 1, ""Entity"": 5, ""Location"": 29, ""Person"": 10}","{""Abbreviation"": 1, ""Description"": 26, ""Entity"": 21, ""Location"": 16, ""Number"": 24, ""Person"": 12}"
295,wic,0,8,0.52,0.34210526315789475,0.0,100,"{""yes"": 100}","{""no"": 48, ""yes"": 52}"
296,wic,1,8,0.52,0.34210526315789475,0.0,100,"{""yes"": 100}","{""no"": 48, ""yes"": 52}"
297,wic,2,8,0.52,0.34210526315789475,0.0,100,"{""yes"": 100}","{""no"": 48, ""yes"": 52}"
298,wic,3,8,0.52,0.34210526315789475,0.0,100,"{""yes"": 100}","{""no"": 48, ""yes"": 52}"
299,wic,4,8,0.52,0.34210526315789475,0.0,100,"{""yes"": 100}","{""no"": 48, ""yes"": 52}"
300,wiki_hades,0,8,0.45,0.3103448275862069,0.0,100,"{""hallucinated"": 100}","{""hallucinated"": 45, ""not hallucinated"": 55}"
301,wiki_hades,1,8,0.46,0.33035714285714285,0.0,100,"{""hallucinated"": 99, ""not hallucinated"": 1}","{""hallucinated"": 45, ""not hallucinated"": 55}"
302,wiki_hades,2,8,0.46,0.33035714285714285,0.0,100,"{""hallucinated"": 99, ""not hallucinated"": 1}","{""hallucinated"": 45, ""not hallucinated"": 55}"
303,wiki_hades,3,8,0.54,0.537037037037037,0.0,100,"{""hallucinated"": 47, ""not hallucinated"": 53}","{""hallucinated"": 45, ""not hallucinated"": 55}"
304,wiki_hades,4,8,0.46,0.33035714285714285,0.0,100,"{""hallucinated"": 99, ""not hallucinated"": 1}","{""hallucinated"": 45, ""not hallucinated"": 55}"
305,wiki_qa,0,8,0.94,0.4845360824742268,0.0,100,"{""no"": 97, ""yes"": 3}","{""no"": 97, ""yes"": 3}"
306,wiki_qa,1,8,0.56,0.41333333333333333,0.0,100,"{""no"": 53, ""yes"": 47}","{""no"": 97, ""yes"": 3}"
307,wiki_qa,2,8,0.96,0.4897959183673469,0.0,100,"{""no"": 99, ""yes"": 1}","{""no"": 97, ""yes"": 3}"
308,wiki_qa,3,8,0.82,0.45054945054945056,0.0,100,"{""no"": 85, ""yes"": 15}","{""no"": 97, ""yes"": 3}"
309,wiki_qa,4,8,0.44,0.3333333333333333,0.0,100,"{""no"": 43, ""yes"": 57}","{""no"": 97, ""yes"": 3}"
310,wsc,0,8,0.63,0.38650306748466257,0.0,100,"{""false"": 100}","{""false"": 63, ""true"": 37}"
311,wsc,1,8,0.63,0.38650306748466257,0.0,100,"{""false"": 100}","{""false"": 63, ""true"": 37}"
312,wsc,2,8,0.63,0.38650306748466257,0.0,100,"{""false"": 100}","{""false"": 63, ""true"": 37}"
313,wsc,3,8,0.63,0.38650306748466257,0.0,100,"{""false"": 100}","{""false"": 63, ""true"": 37}"
314,wsc,4,8,0.63,0.38650306748466257,0.0,100,"{""false"": 100}","{""false"": 63, ""true"": 37}"
315,yahoo_answers_topics,0,8,0.47,0.4053250991590379,0.0,100,"{""business & finance"": 6, ""computers & internet"": 12, ""education & reference"": 3, ""entertainment & music"": 2, ""family & relationships"": 28, ""health"": 13, ""politics & government"": 4, ""science & mathematics"": 1, ""society & culture"": 14, ""sports"": 17}","{""business & finance"": 11, ""computers & internet"": 13, ""education & reference"": 11, ""entertainment & music"": 8, ""family & relationships"": 13, ""health"": 5, ""politics & government"": 11, ""science & mathematics"": 5, ""society & culture"": 9, ""sports"": 14}"
316,yahoo_answers_topics,1,8,0.35,0.35128066625125454,0.0,100,"{""business & finance"": 5, ""computers & internet"": 5, ""education & reference"": 15, ""entertainment & music"": 9, ""family & relationships"": 1, ""health"": 8, ""politics & government"": 26, ""science & mathematics"": 5, ""society & culture"": 15, ""sports"": 11}","{""business & finance"": 11, ""computers & internet"": 13, ""education & reference"": 11, ""entertainment & music"": 8, ""family & relationships"": 13, ""health"": 5, ""politics & government"": 11, ""science & mathematics"": 5, ""society & culture"": 9, ""sports"": 14}"
317,yahoo_answers_topics,2,8,0.34,0.31324527136858343,0.0,100,"{""business & finance"": 6, ""computers & internet"": 5, ""education & reference"": 1, ""entertainment & music"": 2, ""family & relationships"": 6, ""health"": 6, ""politics & government"": 1, ""science & mathematics"": 5, ""society & culture"": 38, ""sports"": 30}","{""business & finance"": 11, ""computers & internet"": 13, ""education & reference"": 11, ""entertainment & music"": 8, ""family & relationships"": 13, ""health"": 5, ""politics & government"": 11, ""science & mathematics"": 5, ""society & culture"": 9, ""sports"": 14}"
318,yahoo_answers_topics,3,8,0.37,0.3066044300527059,0.0,100,"{""business & finance"": 4, ""computers & internet"": 7, ""education & reference"": 22, ""entertainment & music"": 12, ""health"": 8, ""politics & government"": 18, ""science & mathematics"": 1, ""society & culture"": 12, ""sports"": 16}","{""business & finance"": 11, ""computers & internet"": 13, ""education & reference"": 11, ""entertainment & music"": 8, ""family & relationships"": 13, ""health"": 5, ""politics & government"": 11, ""science & mathematics"": 5, ""society & culture"": 9, ""sports"": 14}"
319,yahoo_answers_topics,4,8,0.41,0.36660582136588327,0.0,100,"{""business & finance"": 3, ""computers & internet"": 13, ""education & reference"": 6, ""entertainment & music"": 1, ""family & relationships"": 3, ""health"": 22, ""politics & government"": 6, ""science & mathematics"": 1, ""society & culture"": 29, ""sports"": 16}","{""business & finance"": 11, ""computers & internet"": 13, ""education & reference"": 11, ""entertainment & music"": 8, ""family & relationships"": 13, ""health"": 5, ""politics & government"": 11, ""science & mathematics"": 5, ""society & culture"": 9, ""sports"": 14}"
